Name,Season
Wii Fit,Winter
Wii Fit Plus,Winter
Grand Theft Auto: San Andreas,Fall
Grand Theft Auto V,Fall
Call of Duty: Black Ops,Fall
Final Fantasy VII,Winter
Donkey Kong Country,Fall
The Elder Scrolls V: Skyrim,Fall
The Sims 3,Summer
Grand Theft Auto: Liberty City Stories,Fall
The Legend of Zelda: Ocarina of Time,Fall
Fallout 4,Fall
Gears of War 2,Fall
Assassin's Creed III,Fall
Halo: Combat Evolved,Fall
Street Fighter II: The World Warrior,Spring
Sonic the Hedgehog 2,Fall
Metal Gear Solid 4: Guns of the Patriots,Summer
Resident Evil 2,Winter
LEGO Star Wars: The Complete Saga,Fall
Grand Theft Auto V,Fall
Final Fantasy IX,Summer
Madden NFL 2004,Summer
Donkey Kong Country 2: Diddy's Kong Quest,Fall
Resident Evil 5,Spring
Tony Hawk's Pro Skater,Fall
Madden NFL 06,Summer
Dr. Mario,Summer
Tony Hawk's Pro Skater 2,Fall
Madden NFL 07,Summer
Call of Duty: Infinite Warfare,Fall
Tony Hawk's Pro Skater 3,Fall
The Elder Scrolls IV: Oblivion,Spring
The Legend of Zelda: Ocarina of Time,Fall
Batman: Arkham Asylum,Summer
Assassin's Creed: Revelations,Fall
FIFA 14,Fall
Assassin's Creed: Revelations,Fall
Street Fighter II Turbo,Winter
Battlefield 1,Fall
World Soccer Winning Eleven 9,Summer
The Elder Scrolls V: Skyrim,Fall
World Soccer Winning Eleven 8 International,Summer
Assassin's Creed IV: Black Flag,Fall
Tony Hawk's Pro Skater 4,Fall
Battlefield 4,Fall
Grand Theft Auto: Liberty City Stories,Fall
LEGO Star Wars: The Video Game,Spring
Left 4 Dead,Fall
Resident Evil 5,Spring
Batman: Arkham Asylum,Summer
Grand Theft Auto 2,Fall
FIFA Soccer 2003,Fall
Far Cry 3,Fall
L.A. Noire,Spring
Dragon Warrior IV,Winter
The Elder Scrolls IV: Oblivion,Spring
Resident Evil 6,Fall
Borderlands 2,Fall
Heavy Rain,Winter
FIFA 14,Fall
Far Cry 3,Fall
Middle-Earth: Shadow of Mordor,Fall
Assassin's Creed IV: Black Flag,Fall
Metroid Prime,Fall
Myst,Fall
Mortal Kombat X,Spring
Need for Speed: Shift,Fall
LEGO Star Wars: The Complete Saga,Fall
Madden NFL 08,Summer
Sonic Adventure 2 Battle,Summer
Dragon Age: Origins,Fall
Marvel: Ultimate Alliance,Fall
Riven: The Sequel to Myst,Fall
Madden NFL 16,Summer
Sonic Adventure,Winter
Need for Speed Carbon: Own the City,Fall
Halo: Combat Evolved Anniversary,Fall
Half-Life 2,Fall
Madden NFL 08,Summer
Kinect: Disneyland Adventures,Fall
Resident Evil - Code: Veronica X,Winter
Chrono Trigger,Spring
LEGO Star Wars: The Complete Saga,Fall
Pro Evolution Soccer 2010,Fall
The Sims 3,Summer
Battlefield 1,Fall
Assassin's Creed IV: Black Flag,Fall
Teenage Mutant Ninja Turtles II: The Arcade Game,Fall
Borderlands 2,Fall
SimCity 2000,Winter
Demon Attack,Spring
Tony Hawk's Pro Skater,Fall
Devil May Cry 3: Dante's Awakening,Winter
Dying Light,Winter
SoulCalibur II,Summer
Need for Speed: ProStreet,Fall
Battlefield 4,Fall
Need for Speed Rivals,Fall
Devil May Cry 2,Winter
Grand Theft Auto: San Andreas,Fall
Need for Speed: Shift,Fall
Madden NFL 06,Summer
Turok 2: Seeds of Evil,Winter
Max Payne 3,Spring
Secret of Mana,Summer
Madden NFL 17,Summer
Dragon's Dogma,Spring
Dishonored,Fall
The Beatles: Rock Band,Fall
Need for Speed Underground,Fall
Super Puyo Puyo,Fall
Fire Emblem Fates,Summer
Dragon Age: Origins,Fall
Street Fighter II': Special Champion Edition,Spring
Saints Row IV,Summer
LEGO Batman 2: DC Super Heroes,Summer
Need for Speed Carbon,Fall
Far Cry 4,Fall
Beyond: Two Souls,Fall
Call of Duty: Black Ops,Fall
Dragon Quest IV: Chapters of the Chosen,Winter
Sonic Heroes,Winter
Devil May Cry 4,Winter
Pro Evolution Soccer 2010,Fall
LEGO Harry Potter: Years 1-4,Summer
BioShock 2,Winter
Pro Evolution Soccer 2013,Fall
The Simpsons Game,Fall
The Simpsons Game,Fall
Sonic CD,Fall
Tom Clancy's Splinter Cell: Pandora Tomorrow,Spring
Sonic & Sega All-Stars Racing,Winter
My Word Coach,Fall
Disney Princess: Magical Jewels,Fall
BioShock,Summer
LEGO Star Wars: The Video Game,Spring
Final Fantasy III,Spring
Madden NFL 2002,Summer
Injustice: Gods Among Us,Spring
True Crime: Streets of LA,Fall
Bravely Default: Flying Fairy,Fall
Mortal Kombat X,Spring
Rise of the Tomb Raider,Fall
Sonic Generations,Fall
Deus Ex: Human Revolution,Summer
Deus Ex: Human Revolution,Summer
Dragon Quest III: Soshite Densetsu e...,Winter
Battlefield 4,Fall
Devil May Cry 4,Winter
Chrono Trigger,Spring
Mortal Kombat 3,Spring
Need for Speed Carbon,Fall
Max Payne 2: The Fall of Max Payne,Fall
Tony Hawk's Pro Skater,Fall
The Elder Scrolls V: Skyrim,Fall
Grand Theft Auto: Chinatown Wars,Spring
LEGO Harry Potter: Years 1-4,Summer
Pitfall II: Lost Caverns,Winter
The Beatles: Rock Band,Fall
Assassin's Creed Syndicate,Fall
Far Cry 4,Fall
Resident Evil Zero,Fall
Dying Light,Winter
Silent Hill 2,Fall
Metal Gear Solid V: Ground Zeroes,Spring
Sonic Adventure DX: Director's Cut,Winter
Battle Arena Toshinden,Winter
Saints Row IV,Summer
Lara Croft Tomb Raider: The Angel of Darkness,Summer
Oddworld: Abe's Oddysee,Fall
LEGO Harry Potter: Years 5-7,Fall
Madden NFL 17,Summer
Driv3r,Summer
Donkey Kong Country 2,Fall
Need for Speed Underground,Fall
Medal of Honor: Airborne,Summer
Test Drive 4,Fall
The Sims 2: Castaway,Fall
TwinBee,Winter
Final Fantasy I & II: Dawn of Souls,Winter
Tony Hawk's Pro Skater 2,Fall
Cabela's Dangerous Hunts,Fall
FIFA 14,Fall
LEGO Star Wars: The Video Game,Spring
Tenchu: Wrath of Heaven,Spring
Resident Evil - Code: Veronica,Winter
LEGO Star Wars: The Video Game,Spring
Naruto Shippuden: Ultimate Ninja Storm 4,Winter
Persona 4: Golden,Summer
Tom Clancy's Splinter Cell: Chaos Theory,Spring
Lumines: Puzzle Fusion,Winter
Need for Speed: ProStreet,Fall
Medal of Honor: Airborne,Summer
Petz Dogz 2,Winter
Madden NFL 2004,Summer
NCAA Football 13,Summer
NFL Blitz 2000,Winter
Empire: Total War,Spring
Star Wars: The Force Unleashed,Fall
Plants vs. Zombies: Garden Warfare,Winter
Grand Theft Auto: Chinatown Wars,Spring
The Orange Box,Fall
Cosmic Ark,Winter
Monster Rancher 2,Winter
Mega Man X4,Summer
Sonic & Sega All-Stars Racing,Winter
The Simpsons Game,Fall
Street Fighter Alpha 3,Summer
Bulletstorm,Winter
Madden NFL 07,Summer
The Simpsons Game,Fall
SoulCalibur II,Summer
Oddworld: Abe's Exoddus,Fall
Grand Theft Auto: San Andreas,Fall
FIFA Soccer 2005,Fall
Romancing SaGa,Winter
Dragon Quest X,Summer
The Witcher 2: Assassins of Kings,Spring
Sonic Unleashed,Fall
Naruto Shippuden: Ultimate Ninja Storm 3,Spring
The Sims 2,Fall
Tony Hawk's Pro Skater 4,Fall
Kingdom Hearts Re:coded,Fall
Assassin's Creed III,Fall
South Park: The Stick of Truth,Spring
Sonic Riders,Winter
Injustice: Gods Among Us,Spring
LEGO Harry Potter: Years 5-7,Fall
Dynasty Warriors 7,Spring
Just Cause 3,Winter
Far Cry 4,Fall
Lego Batman 3: Beyond Gotham,Fall
CSI: Hard Evidence,Fall
Samba De Amigo,Winter
The Simpsons Game,Fall
Madden NFL 08,Summer
Michael Jackson: The Experience,Fall
Conflict: Desert Storm,Fall
Ghostbusters: The Video Game,Summer
The Legendary Starfy,Fall
Darksiders II,Summer
Ghostbusters: The Video Game,Summer
ESPN College Hoops 2K5,Fall
Madden NFL 07,Summer
Marvel: Ultimate Alliance,Fall
Shin Megami Tensei: Persona 4,Summer
Dragon Warrior III,Winter
Pro Evolution Soccer 2010,Fall
The Sims 2,Fall
Pro Evolution Soccer 2010,Fall
